Name,Set code,Set name,Collector number,Foil,Rarity,Quantity,ManaBox ID,Scryfall ID,Purchase price,Misprint,Altered,Condition,Language,Purchase price currency
"Eivor, Battle-Ready",ACR,Assassin's Creed,274,foil,mythic,1,91718,4242961d-87e8-4dd2-bdea-5d765a5cf136,,false,false,near_mint,en,EUR
Blackblade Reforged,DMC,Dominaria United Commander,178,normal,rare,1,71316,240448cd-c308-49ae-9e4b-0c35adc59fba,,false,false,near_mint,en,EUR
Patchwork Banner,BLB,Bloomburrow,247,normal,uncommon,1,96097,a8a982c8-bc08-44ba-b3ed-9e4b124615d6,,false,false,near_mint,en,EUR
Bureau Headmaster,ACR,Assassin's Creed,296,normal,uncommon,1,95377,58766566-6e19-4f74-bfce-5a61429ffaa9,,false,false,near_mint,en,EUR
Impulsive Pilferer,CMM,Commander Masters,234,normal,common,1,84750,aea2e32d-d711-40ae-87d5-c16893bfc8ca,,false,false,near_mint,en,EUR
Sticky Fingers,SNC,Streets of New Capenna,124,normal,common,1,67696,3678fa3d-d41f-4b7a-b25e-6fc5f78876c7,,false,false,near_mint,en,EUR
Mox Jasper,TDM,Tarkir: Dragonstorm,246,normal,mythic,1,103999,a851d2d3-7e93-4887-bee5-4d6c9aaf9419,,false,false,near_mint,en,EUR
Glittering Stockpile,OTC,Outlaws of Thunder Junction Commander,167,normal,uncommon,1,93695,74713a58-e343-4504-9900-cf9d76951242,,false,false,near_mint,en,EUR
"Breeches, Eager Pillager",LCI,The Lost Caverns of Ixalan,294,normal,rare,1,86320,5cb60b23-2397-4897-9462-56b09f45f321,,false,false,near_mint,es,EUR
Traveler's Amulet,HOU,Hour of Devastation,167,normal,common,1,4508,195464f1-f01c-4211-950d-963c5bad786f,,false,false,near_mint,en,EUR
Voyager Quickwelder,DFT,Aetherdrift,37,normal,common,1,103673,f6dcdc8c-fba1-4ea1-bf93-65072d10f0da,,false,false,near_mint,en,EUR
Abrade,INR,Innistrad Remastered,139,normal,common,1,102860,fee393c7-1868-4d11-93c3-3d143e0c8dd9,,false,false,near_mint,en,EUR
Wrath of God,DMR,Dominaria Remastered,37,normal,rare,1,78110,c3700519-b74c-4445-b42e-03690b8d4463,,false,false,near_mint,en,EUR
Cathar Commando,INR,Innistrad Remastered,15,normal,common,1,102628,7cd21530-ca72-4986-a0f2-142b9f23c413,,false,false,near_mint,en,EUR
Austere Command,M3C,Modern Horizons 3 Commander,167,normal,rare,1,94747,556ba00c-f0e1-47ce-aea8-c22c4f3f3b05,,false,false,near_mint,en,EUR
Valorous Stance,INR,Innistrad Remastered,48,normal,uncommon,1,102403,04762c85-d25d-4120-adec-8681adcf581a,,false,false,near_mint,en,EUR
Starstorm,40K,"Warhammer 40,000 Commander",208,normal,rare,1,72489,b45264cb-67d0-4dfb-9229-61c4e90c760a,,false,false,near_mint,es,EUR
Seal of Cleansing,MKC,Murders at Karlov Manor Commander,80,normal,common,1,90284,22a6673b-1528-4e0f-b316-bd482c7ed8aa,,false,false,near_mint,en,EUR
Banishing Light,BLB,Bloomburrow,1,normal,common,1,96011,25a06f82-ebdb-4dd6-bfe8-958018ce557c,,false,false,near_mint,en,EUR
Faithless Looting,INR,Innistrad Remastered,151,normal,common,1,102544,52e47757-0aa9-48b0-8b43-e2483d7eed67,,false,false,near_mint,en,EUR
Thrill of Possibility,DMC,Dominaria United Commander,127,normal,common,1,71625,9752ed44-dc5e-4f73-9422-c1d267b60a3c,,false,false,near_mint,en,EUR
Demand Answers,MKM,Murders at Karlov Manor,122,normal,common,1,91286,eca092fc-7c67-4a73-989e-5297bbaaea76,,false,false,near_mint,en,EUR
Cathartic Reunion,ACR,Assassin's Creed,94,normal,uncommon,1,95375,55aaab05-db3b-4317-ae32-553c76f6bade,,false,false,near_mint,en,EUR
Spirited Companion,BLC,Bloomburrow Commander,155,normal,common,1,96423,ada3dc9c-2f83-4f52-8776-ef23d45cc4eb,,false,false,near_mint,en,EUR
Mentor of the Meek,INR,Innistrad Remastered,34,normal,uncommon,1,102469,280ca0f4-be07-452a-bbc0-c25570f14008,,false,false,near_mint,en,EUR
Crash Through,FDN,Foundations,620,normal,common,1,100903,9eb16918-6363-4849-8d74-e26822a0ddf7,,false,false,near_mint,en,EUR
Brotherhood Regalia,ACR,Assassin's Creed,71,normal,uncommon,1,95426,8a6439a6-288d-427e-b14b-a99e8ef8c5cd,,false,false,near_mint,en,EUR
Bloodthirsty Blade,MKC,Murders at Karlov Manor Commander,225,normal,uncommon,1,90505,bcdf583e-25f8-4227-96e9-e70ec8a36b09,,false,false,near_mint,en,EUR
Hidden Blade,ACR,Assassin's Creed,73,normal,uncommon,1,91730,a07a488f-cb64-4f4c-9c2e-6cdb5d563f13,,false,false,near_mint,en,EUR
Prowler's Helm,THS,Theros,219,normal,uncommon,1,15445,c100a22c-bf34-42b7-9339-4733698c0935,,false,false,near_mint,en,EUR
Haunted Cloak,CMM,Commander Masters,389,normal,common,1,84733,abffd0a3-ea7a-43cf-b92d-d9f436bef58e,,false,false,near_mint,en,EUR
Hero's Heirloom,DMU,Dominaria United,231,normal,uncommon,1,71468,5b7c0d2d-7107-4599-8d49-c7c57d21e467,,false,false,near_mint,en,EUR
Cloudsteel Kirin,NEO,Kamigawa: Neon Dynasty,8,normal,rare,1,66587,a13ddda7-da6e-415e-8886-295514f862d4,,false,false,near_mint,en,EUR
Cliffhaven Kitesail,ZNR,Zendikar Rising,243,normal,common,1,54809,eebf8f67-49d0-42de-a5cc-ad13d19d2c55,,false,false,near_mint,es,EUR
Hookblade,ACR,Assassin's Creed,6,normal,uncommon,1,95515,e17eca56-f658-410f-b505-8cbc87d4f253,,false,false,near_mint,en,EUR
Psychic Paper,WHO,Doctor Who,181,normal,uncommon,1,88019,eae12c61-0125-4810-b0e4-139c27b1b08b,,false,false,near_mint,en,EUR
Armory of Iroas,CMR,Commander Legends,299,normal,common,1,55726,703a03ac-5bb5-4e36-ab9b-a5c007ffc03d,,false,false,near_mint,en,EUR
Hidden Footblade,ACR,Assassin's Creed,34,normal,uncommon,1,95516,e188fe5a-92ac-4c1c-a9a4-2dd5912cc14e,,false,false,near_mint,en,EUR
Blacksmith's Talent,BLB,Bloomburrow,125,normal,uncommon,1,96029,4bb318fa-481d-40a7-978e-f01b49101ae0,,false,false,near_mint,en,EUR
"Goro-Goro, Disciple of Ryusei",NEO,Kamigawa: Neon Dynasty,145,normal,rare,1,66331,1ca736c7-35a9-48c7-b5a9-69b2a6e33ad0,,false,false,near_mint,en,EUR
Battlefield Improvisation,ACR,Assassin's Creed,276,normal,common,1,95503,d2cf2cd1-f7b3-4a23-a23a-6eb0af5451cf,,false,false,near_mint,en,EUR
Benevolent Blessing,CMR,Commander Legends,13,normal,common,1,56002,0d5c2401-da2c-46f9-b850-f37edcbb85cd,,false,false,near_mint,en,EUR
"Kassandra, Eagle Bearer",ACR,Assassin's Creed,59,normal,mythic,1,95248,e127a40c-90c8-4c2d-aff4-daab1c56a4c5,,false,false,near_mint,en,EUR
Champion of the Flame,CMM,Commander Masters,210,normal,common,1,84134,203dba7d-5e89-4a5a-998a-c26bf17c92f9,,false,false,near_mint,en,EUR
Voice of Victory,TDM,Tarkir: Dragonstorm,33,normal,rare,1,104377,ec3de5f4-bb55-4ab9-995f-f3e0dc22c1bb,,false,false,near_mint,en,EUR
Arbaaz Mir,ACR,Assassin's Creed,46,normal,uncommon,1,95490,c7187506-4af3-47e9-bad0-4ce8c78ccc10,,false,false,near_mint,en,EUR
Humble Defector,OTC,Outlaws of Thunder Junction Commander,170,normal,uncommon,1,93870,d17c10a1-12fe-4a58-81ed-03a8bdd06686,,false,false,near_mint,en,EUR
Skyclave Apparition,BLC,Bloomburrow Commander,154,normal,rare,1,96415,a76c56a3-db5c-4884-8c6a-bf8105b62421,,false,false,near_mint,en,EUR
Rosie Cotton of South Lane,LTR,The Lord of the Rings: Tales of Middle-earth,27,normal,uncommon,1,83198,75338f49-1f02-4333-87e4-5779ef14e688,,false,false,near_mint,en,EUR
"Alexios, Deimos of Kosmos",ACR,Assassin's Creed,33,normal,uncommon,1,95522,e81b94b2-4052-4686-a788-9baf0fa0f81a,,false,false,near_mint,en,EUR
Layla Hassan,ACR,Assassin's Creed,7,normal,rare,1,95311,2278d97e-791a-4843-a385-65bac79bde7a,,false,false,near_mint,en,EUR
Steel Hellkite,TDC,Tarkir: Dragonstorm Commander,327,normal,rare,1,104651,548cbc66-d915-4b94-86da-4c909a1ce645,,false,false,near_mint,en,EUR
Meteor Golem,FDN,Foundations,256,normal,uncommon,1,101167,d291ea1e-36bc-46b3-b3ae-084fa0ba69eb,,false,false,near_mint,en,EUR
"Surtr, Fiery Jötun",ACR,Assassin's Creed,293,normal,rare,1,95478,be38985c-f7a9-4885-9035-09390b4b754a,,false,false,near_mint,en,EUR
Exotic Orchard,40K,"Warhammer 40,000 Commander",278,normal,rare,1,72563,ec9c7011-694b-4705-b85c-bf4edf26e437,,false,false,near_mint,es,EUR
Path of Ancestry,DRC,Aetherdrift Commander,166,normal,common,1,103021,4898fba1-d692-4440-bfff-ae535bdc1ba8,,false,false,near_mint,en,EUR
Opal Palace,M3C,Modern Horizons 3 Commander,361,normal,common,1,94972,76219ec4-65dc-4137-9b3b-070e02524397,,false,false,near_mint,en,EUR
Voldaren Estate,LCC,The Lost Caverns of Ixalan Commander,369,normal,rare,1,88326,1fcbc704-4fb3-49c3-9040-aa1681e86e2c,,false,false,near_mint,en,EUR
Hidden Grotto,BLB,Bloomburrow,254,normal,common,1,95918,4ba8f2e7-8357-4862-97dc-1942d066023a,,false,false,near_mint,en,EUR
Gateway Plaza,RNA,Ravnica Allegiance,247,normal,common,1,43618,3433a2c2-d252-4cd8-97e8-389875b2cda0,,false,false,near_mint,en,EUR
Capital City,FIN,Final Fantasy,274,normal,uncommon,1,106379,f73ce8ec-c916-48eb-ae20-c0d6d03d7145,,false,false,near_mint,en,EUR
Study Hall,C21,Commander 2021,80,normal,common,1,58649,a3de9859-98b6-4efe-847a-43bac5b1ef9f,,false,false,near_mint,en,EUR
Rupture Spire,CMR,Commander Legends,355,normal,common,1,56188,c7ef4b15-efab-4255-ac2d-7794f253aa52,,false,false,near_mint,en,EUR
Night Market,DFT,Aetherdrift,258,normal,common,1,103214,a8c1dce3-6136-4294-9d2b-5ef8527d733b,,false,false,near_mint,en,EUR
Branch of Vitu-Ghazi,MKM,Murders at Karlov Manor,258,normal,uncommon,1,90969,73a8169f-b858-47a5-9c76-2e7c50ad4ecd,,false,false,near_mint,en,EUR
Public Thoroughfare,MKM,Murders at Karlov Manor,265,normal,common,1,90703,1f8b915f-3e82-4b05-b963-01ebff7a8f7b,,false,false,near_mint,en,EUR
Mountain,FDN,Foundations,278,normal,common,17,100284,279df7e2-2a3b-464a-a7df-e91da28e3a8c,,false,false,near_mint,en,EUR
Plains,ACR,Assassin's Creed,102,normal,common,17,95353,4578c984-afb6-4532-b5be-093ed4ecb8b9,,false,false,near_mint,en,EUR
